name,ID,link
sv9319,32570532,https://www.markt.de/sv9319/userId,32570532/profile.htm
Godafoss,21639290,https://www.markt.de/godafoss/userId,21639290/profile.htm
Sunnyboy0511,22708369,https://www.markt.de/sunnyboy0511/userId,22708369/profile.htm
Lisa-love18,28423912,https://www.markt.de/lisa+love18/userId,28423912/profile.htm
Kleiner 1105,799100,https://www.markt.de/kleiner+1105/userId,799100/profile.htm
Lovely-Miaa,16734437,https://www.markt.de/lovely+miaa/userId,16734437/profile.htm
The Stick,7636901,https://www.markt.de/the+stick/userId,7636901/profile.htm
JanVanConnex,6019952,https://www.markt.de/janvanconnex/userId,6019952/profile.htm
Julia.Erotik,18432980,https://www.markt.de/julia+erotik/userId,18432980/profile.htm
Lisele95,2690416,https://www.markt.de/lisele95/userId,2690416/profile.htm
Robby1290,7644965,https://www.markt.de/robby1290/userId,7644965/profile.htm
Jaimiedersexy,7284754,https://www.markt.de/jaimiedersexy/userId,7284754/profile.htm
Crazyriderr5,11203812,https://www.markt.de/crazyriderr5/userId,11203812/profile.htm
WhatsUppieee,19414785,https://www.markt.de/whatsuppieee/userId,19414785/profile.htm
kaibl1111,17432027,https://www.markt.de/kaibl1111/userId,17432027/profile.htm
sv9319,32570532,"https://www.markt.de/sv9319/userId,32570532/profile.htm"
Godafoss,21639290,"https://www.markt.de/godafoss/userId,21639290/profile.htm"
Sunnyboy0511,22708369,"https://www.markt.de/sunnyboy0511/userId,22708369/profile.htm"
Lisa-love18,28423912,"https://www.markt.de/lisa+love18/userId,28423912/profile.htm"
Kleiner 1105,799100,"https://www.markt.de/kleiner+1105/userId,799100/profile.htm"
Lovely-Miaa,16734437,"https://www.markt.de/lovely+miaa/userId,16734437/profile.htm"
The Stick,7636901,"https://www.markt.de/the+stick/userId,7636901/profile.htm"
JanVanConnex,6019952,"https://www.markt.de/janvanconnex/userId,6019952/profile.htm"
Julia.Erotik,18432980,"https://www.markt.de/julia+erotik/userId,18432980/profile.htm"
Lisele95,2690416,"https://www.markt.de/lisele95/userId,2690416/profile.htm"
Robby1290,7644965,"https://www.markt.de/robby1290/userId,7644965/profile.htm"
Jaimiedersexy,7284754,"https://www.markt.de/jaimiedersexy/userId,7284754/profile.htm"
Crazyriderr5,11203812,"https://www.markt.de/crazyriderr5/userId,11203812/profile.htm"
WhatsUppieee,19414785,"https://www.markt.de/whatsuppieee/userId,19414785/profile.htm"
kaibl1111,17432027,"https://www.markt.de/kaibl1111/userId,17432027/profile.htm"
LadyS123,20124863,"https://www.markt.de/ladys123/userId,20124863/profile.htm"
Allythree6,29757347,"https://www.markt.de/allythree6/userId,29757347/profile.htm"
SophieeRitter,26658950,"https://www.markt.de/sophieeritter/userId,26658950/profile.htm"
LehrerinPam,23305704,"https://www.markt.de/lehrerinpam/userId,23305704/profile.htm"
LenaMariaa,16732357,"https://www.markt.de/lenamariaa/userId,16732357/profile.htm"
DinaDemona,19354400,"https://www.markt.de/dinademona/userId,19354400/profile.htm"
lstw,2516126,"https://www.markt.de/lstw/userId,2516126/profile.htm"
Lucia1111,16795462,"https://www.markt.de/lucia1111/userId,16795462/profile.htm"
Laurine-Jillpunktde,12437202,"https://www.markt.de/laurine+jillpunktde/userId,12437202/profile.htm"
BadgirlMina,7685015,"https://www.markt.de/badgirlmina/userId,7685015/profile.htm"
Kasia_lust99,17870623,"https://www.markt.de/kasia_lust99/userId,17870623/profile.htm"
Beautywithbrain,19724545,"https://www.markt.de/beautywithbrain/userId,19724545/profile.htm"
H-Star,35400774,"https://www.markt.de/h+star/userId,35400774/profile.htm"
Anastasia97,38138476,"https://www.markt.de/anastasia97/userId,38138476/profile.htm"
MissMaxiBlond69,30545114,"https://www.markt.de/missmaxiblond69/userId,30545114/profile.htm"
Mateo2104,16161387,"https://www.markt.de/mateo2104/userId,16161387/profile.htm"
TT_TT_TT,10456143,"https://www.markt.de/tt_tt_tt/userId,10456143/profile.htm"
leon222999,6200237,"https://www.markt.de/leon222999/userId,6200237/profile.htm"
leylaelooo,21154048,"https://www.markt.de/leylaelooo/userId,21154048/profile.htm"
Hujwamwdjpd,37705106,"https://www.markt.de/hujwamwdjpd/userId,37705106/profile.htm"
milchbr체ste,2001866,"https://www.markt.de/milchbrueste/userId,2001866/profile.htm"
Aylooo2005,39457766,"https://www.markt.de/aylooo2005/userId,39457766/profile.htm"
Luder_Emmy,20467583,"https://www.markt.de/luder_emmy/userId,20467583/profile.htm"
Erza FairyTail,36011674,"https://www.markt.de/erza+fairytail/userId,36011674/profile.htm"
Michelle0025,39313922,"https://www.markt.de/michelle0025/userId,39313922/profile.htm"
m1rando88101,2786022,"https://www.markt.de/m1rando88101/userId,2786022/profile.htm"
Fahrerteufel,37294661,"https://www.markt.de/fahrerteufel/userId,37294661/profile.htm"
Antiepileptiker,19937083,"https://www.markt.de/antiepileptiker/userId,19937083/profile.htm"
Neuneuneu,23596069,"https://www.markt.de/neuneuneu/userId,23596069/profile.htm"
1910,30222412,"https://www.markt.de/1910/userId,30222412/profile.htm"
Erika1020,27101657,"https://www.markt.de/erika1020/userId,27101657/profile.htm"
lii_97,30801049,"https://www.markt.de/lii_97/userId,30801049/profile.htm"
FeuchteSandra,21036948,"https://www.markt.de/feuchtesandra/userId,21036948/profile.htm"
Arisa-72,29332977,"https://www.markt.de/arisa+72/userId,29332977/profile.htm"
Ninu,22582419,"https://www.markt.de/ninu/userId,22582419/profile.htm"
Dirtyxxgirl,20864678,"https://www.markt.de/dirtyxxgirl/userId,20864678/profile.htm"
Sunrise567,26348840,"https://www.markt.de/sunrise567/userId,26348840/profile.htm"
Harzpaar1982,37509811,"https://www.markt.de/harzpaar1982/userId,37509811/profile.htm"
Cash-Lady-lola,36605654,"https://www.markt.de/cash+lady+lola/userId,36605654/profile.htm"
Blubber2018,4742503,"https://www.markt.de/blubber2018/userId,4742503/profile.htm"
LucyLoveDe,18574235,"https://www.markt.de/lucylovede/userId,18574235/profile.htm"
Dein Tanja,24775155,"https://www.markt.de/dein+tanja/userId,24775155/profile.htm"
Sugarbabe_sucht_ihn,20079488,"https://www.markt.de/sugarbabe_sucht_ihn/userId,20079488/profile.htm"
badgurl000,18087357,"https://www.markt.de/badgurl000/userId,18087357/profile.htm"
AnnaMunich2023,27751097,"https://www.markt.de/annamunich2023/userId,27751097/profile.htm"
hey-its-lia,37972061,"https://www.markt.de/hey+its+lia/userId,37972061/profile.htm"
HotEngel30,36929254,"https://www.markt.de/hotengel30/userId,36929254/profile.htm"
WF88,34027234,"https://www.markt.de/wf88/userId,34027234/profile.htm"
SteveFischer1972,36321049,"https://www.markt.de/stevefischer1972/userId,36321049/profile.htm"
Tim366,35165534,"https://www.markt.de/tim366/userId,35165534/profile.htm"
an.nille,10077396,"https://www.markt.de/an+nille/userId,10077396/profile.htm"
Michelle_Secret,37811291,"https://www.markt.de/michelle_secret/userId,37811291/profile.htm"
SarahSo,8478810,"https://www.markt.de/sarahso/userId,8478810/profile.htm"
EmilyHA32,38099926,"https://www.markt.de/emilyha32/userId,38099926/profile.htm"
Roxy666,30293608,"https://www.markt.de/roxy666/userId,30293608/profile.htm"
MikaStade,33333114,"https://www.markt.de/mikastade/userId,33333114/profile.htm"
T0bi9515,8420118,"https://www.markt.de/t0bi9515/userId,8420118/profile.htm"
Jada2020,12834204,"https://www.markt.de/jada2020/userId,12834204/profile.htm"
thotom,4982179,"https://www.markt.de/thotom/userId,4982179/profile.htm"
XxleilaxX,38604846,"https://www.markt.de/xxleilaxx/userId,38604846/profile.htm"
Asialovesex,35695559,"https://www.markt.de/asialovesex/userId,35695559/profile.htm"
fantasiedream,8609793,"https://www.markt.de/fantasiedream/userId,8609793/profile.htm"
Chanel.YL,20454028,"https://www.markt.de/chanel+yl/userId,20454028/profile.htm"
ViktoriaSum,7865946,"https://www.markt.de/viktoriasum/userId,7865946/profile.htm"
Isymaus2024,32975493,"https://www.markt.de/isymaus2024/userId,32975493/profile.htm"
Lebendigewixxvorlage,29161157,"https://www.markt.de/lebendigewixxvorlage/userId,29161157/profile.htm"
Holger 82 j,10119438,"https://www.markt.de/holger+82+j/userId,10119438/profile.htm"
Sweetkiss98,26330250,"https://www.markt.de/sweetkiss98/userId,26330250/profile.htm"
dreamgirl9292,5392256,"https://www.markt.de/dreamgirl9292/userId,5392256/profile.htm"
Mandy.best,37345166,"https://www.markt.de/mandy+best/userId,37345166/profile.htm"
HotCelinaXXX,22370394,"https://www.markt.de/hotcelinaxxx/userId,22370394/profile.htm"
Meisje_NL_123,38037076,"https://www.markt.de/meisje_nl_123/userId,38037076/profile.htm"
ChubbyGirlXXL,27425362,"https://www.markt.de/chubbygirlxxl/userId,27425362/profile.htm"
Annagirl77,32401877,"https://www.markt.de/annagirl77/userId,32401877/profile.htm"
bumbum1983,27563032,"https://www.markt.de/bumbum1983/userId,27563032/profile.htm"
Vicky_Virus,31420985,"https://www.markt.de/vicky_virus/userId,31420985/profile.htm"
LunaGirl69,19573520,"https://www.markt.de/lunagirl69/userId,19573520/profile.htm"
Mula1999,11398803,"https://www.markt.de/mula1999/userId,11398803/profile.htm"
kleinesschulluder,2599064,"https://www.markt.de/kleinesschulluder/userId,2599064/profile.htm"
Kleine Latina,21201343,"https://www.markt.de/kleine+latina/userId,21201343/profile.htm"
LinaSchulz0904,24730880,"https://www.markt.de/linaschulz0904/userId,24730880/profile.htm"
Steron,6043259,"https://www.markt.de/steron/userId,6043259/profile.htm"
Xelleron,26924612,"https://www.markt.de/xelleron/userId,26924612/profile.htm"
Isabelle.deLuca,26709325,"https://www.markt.de/isabelle+deluca/userId,26709325/profile.htm"
M체cke001,17566257,"https://www.markt.de/muecke001/userId,17566257/profile.htm"
Marcel3072,35901079,"https://www.markt.de/marcel3072/userId,35901079/profile.htm"
Hamburg0807,38094641,"https://www.markt.de/hamburg0807/userId,38094641/profile.htm"
MH300195,34436769,"https://www.markt.de/mh300195/userId,34436769/profile.htm"
Freshmen69,35288574,"https://www.markt.de/freshmen69/userId,35288574/profile.htm"
Stefan63748,39506030,"https://www.markt.de/stefan63748/userId,39506030/profile.htm"
M3232,5821096,"https://www.markt.de/m3232/userId,5821096/profile.htm"
julidergeile,23121709,"https://www.markt.de/julidergeile/userId,23121709/profile.htm"
Floo30,37815401,"https://www.markt.de/floo30/userId,37815401/profile.htm"
Whyamihere,21747412,"https://www.markt.de/whyamihere/userId,21747412/profile.htm"
Ben.12345.2000,36349949,"https://www.markt.de/ben+12345+2000/userId,36349949/profile.htm"
Daviddd361,34567584,"https://www.markt.de/daviddd361/userId,34567584/profile.htm"
Reddy4u,38331571,"https://www.markt.de/reddy4u/userId,38331571/profile.htm"
Mauzhahn,33784874,"https://www.markt.de/mauzhahn/userId,33784874/profile.htm"
Devito23,38926819,"https://www.markt.de/devito23/userId,38926819/profile.htm"
Sklave1230,39728867,"https://www.markt.de/sklave1230/userId,39728867/profile.htm"
Santana28,5007007,"https://www.markt.de/santana28/userId,5007007/profile.htm"
Mertking7,39760811,"https://www.markt.de/mertking7/userId,39760811/profile.htm"
Sunshine5511,34778934,"https://www.markt.de/sunshine5511/userId,34778934/profile.htm"
T0blas,39702935,"https://www.markt.de/t0blas/userId,39702935/profile.htm"
Slinnnnnnils,39804911,"https://www.markt.de/slinnnnnnils/userId,39804911/profile.htm"
GideonRavenor,39064601,"https://www.markt.de/gideonravenor/userId,39064601/profile.htm"
PP1989,32306547,"https://www.markt.de/pp1989/userId,32306547/profile.htm"
BamBam154257,11332080,"https://www.markt.de/bambam154257/userId,11332080/profile.htm"
jnkSL991,37881096,"https://www.markt.de/jnksl991/userId,37881096/profile.htm"
Donovan kws,20515048,"https://www.markt.de/donovan+kws/userId,20515048/profile.htm"
BerlinFreddx,12906498,"https://www.markt.de/berlinfreddx/userId,12906498/profile.htm"
Couple_HH,22052029,"https://www.markt.de/couple_hh/userId,22052029/profile.htm"
Paul0113,8723775,"https://www.markt.de/paul0113/userId,8723775/profile.htm"
Thomas1289-234,26398510,"https://www.markt.de/thomas1289+234/userId,26398510/profile.htm"
lexy089,38841798,"https://www.markt.de/lexy089/userId,38841798/profile.htm"
Sexyleidy,39108863,"https://www.markt.de/sexyleidy/userId,39108863/profile.htm"
Nber,35510734,"https://www.markt.de/nber/userId,35510734/profile.htm"
Lumo998,30227957,"https://www.markt.de/lumo998/userId,30227957/profile.htm"
Sehrgeil2403,21592570,"https://www.markt.de/sehrgeil2403/userId,21592570/profile.htm"
MucDennis,39478976,"https://www.markt.de/mucdennis/userId,39478976/profile.htm"
Boibi,9383028,"https://www.markt.de/boibi/userId,9383028/profile.htm"
Max rezzyy,39643016,"https://www.markt.de/max+rezzyy/userId,39643016/profile.htm"
ASAP-rocky,33551224,"https://www.markt.de/asap+rocky/userId,33551224/profile.htm"
Chris-Bauer6868,37580491,"https://www.markt.de/chris+bauer6868/userId,37580491/profile.htm"
MaxiMay,39687428,"https://www.markt.de/maximay/userId,39687428/profile.htm"
Doggyfriend87,25813490,"https://www.markt.de/doggyfriend87/userId,25813490/profile.htm"
einmannausmuc,12951924,"https://www.markt.de/einmannausmuc/userId,12951924/profile.htm"
Rumpel4,26191120,"https://www.markt.de/rumpel4/userId,26191120/profile.htm"
FrankenJoe,18975495,"https://www.markt.de/frankenjoe/userId,18975495/profile.htm"
MrBig20,30155157,"https://www.markt.de/mrbig20/userId,30155157/profile.htm"
JonnyBeton,31502922,"https://www.markt.de/jonnybeton/userId,31502922/profile.htm"
Alpha6690,22780434,"https://www.markt.de/alpha6690/userId,22780434/profile.htm"
Tiiiimmmm002,12310626,"https://www.markt.de/tiiiimmmm002/userId,12310626/profile.htm"
Phil5137,29440477,"https://www.markt.de/phil5137/userId,29440477/profile.htm"
JonaBN32,16888032,"https://www.markt.de/jonabn32/userId,16888032/profile.htm"
jbee3907,14538655,"https://www.markt.de/jbee3907/userId,14538655/profile.htm"
Orxxx,17037477,"https://www.markt.de/orxxx/userId,17037477/profile.htm"
Profil18750065,18750065,"https://www.markt.de/profil18750065/userId,18750065/profile.htm"
Der unerfahrene l체mmel,3339042,"https://www.markt.de/der+unerfahrene+luemmel/userId,3339042/profile.htm"
Articus92,23165249,"https://www.markt.de/articus92/userId,23165249/profile.htm"
Diggi007,26122135,"https://www.markt.de/diggi007/userId,26122135/profile.htm"
Anonym199910,27846257,"https://www.markt.de/anonym199910/userId,27846257/profile.htm"
HmmFk69,21767192,"https://www.markt.de/hmmfk69/userId,21767192/profile.htm"
King93,12099171,"https://www.markt.de/king93/userId,12099171/profile.htm"
Jonny420420,6694797,"https://www.markt.de/jonny420420/userId,6694797/profile.htm"
85flo85,2743654,"https://www.markt.de/85flo85/userId,2743654/profile.htm"
G0123,19239940,"https://www.markt.de/g0123/userId,19239940/profile.htm"
MaguireH,21578318,"https://www.markt.de/maguireh/userId,21578318/profile.htm"
Kende,15270144,"https://www.markt.de/kende/userId,15270144/profile.htm"
Julez1707,27214342,"https://www.markt.de/julez1707/userId,27214342/profile.htm"
Fl0rian,25581170,"https://www.markt.de/fl0rian/userId,25581170/profile.htm"
Mephisto_97,10521270,"https://www.markt.de/mephisto_97/userId,10521270/profile.htm"
ErnestoGarcia1,14424985,"https://www.markt.de/ernestogarcia1/userId,14424985/profile.htm"
Trinkglas69,5750179,"https://www.markt.de/trinkglas69/userId,5750179/profile.htm"
ChrisHt,15161169,"https://www.markt.de/chrisht/userId,15161169/profile.htm"
Tinydickboy,21466343,"https://www.markt.de/tinydickboy/userId,21466343/profile.htm"
Markus121985,6031898,"https://www.markt.de/markus121985/userId,6031898/profile.htm"
DanielHandlos,25146380,"https://www.markt.de/danielhandlos/userId,25146380/profile.htm"
The_One_1985,22518149,"https://www.markt.de/the_one_1985/userId,22518149/profile.htm"
Metallman2000,24309750,"https://www.markt.de/metallman2000/userId,24309750/profile.htm"
JohnJay96,26078280,"https://www.markt.de/johnjay96/userId,26078280/profile.htm"
Nicknack186,19820004,"https://www.markt.de/nicknack186/userId,19820004/profile.htm"
Profil3856165,3856165,"https://www.markt.de/profil3856165/userId,3856165/profile.htm"
henry_xxx,25262825,"https://www.markt.de/henry_xxx/userId,25262825/profile.htm"
Someras,9052547,"https://www.markt.de/someras/userId,9052547/profile.htm"
Sklave_Mathias93,19054580,"https://www.markt.de/sklave_mathias93/userId,19054580/profile.htm"
JohannesBerlin86,20733098,"https://www.markt.de/johannesberlin86/userId,20733098/profile.htm"
Dauergeiler888,20009938,"https://www.markt.de/dauergeiler888/userId,20009938/profile.htm"
marco030471,8618421,"https://www.markt.de/marco030471/userId,8618421/profile.htm"
Profil5481077,5481077,"https://www.markt.de/profil5481077/userId,5481077/profile.htm"
LutraKKL,22146769,"https://www.markt.de/lutrakkl/userId,22146769/profile.htm"
Mike842,16328782,"https://www.markt.de/mike842/userId,16328782/profile.htm"
Louis98,19314765,"https://www.markt.de/louis98/userId,19314765/profile.htm"
Andy0092,22862674,"https://www.markt.de/andy0092/userId,22862674/profile.htm"
Sissybitchtoy,25165795,"https://www.markt.de/sissybitchtoy/userId,25165795/profile.htm"
Gotamim,22184174,"https://www.markt.de/gotamim/userId,22184174/profile.htm"
Paul955,2347514,"https://www.markt.de/paul955/userId,2347514/profile.htm"
marv05,8499411,"https://www.markt.de/marv05/userId,8499411/profile.htm"
Outlaw93,18325405,"https://www.markt.de/outlaw93/userId,18325405/profile.htm"
B-Dick oIo,22062839,"https://www.markt.de/b+dick+oio/userId,22062839/profile.htm"
Chillion채r,11480910,"https://www.markt.de/chillionaer/userId,11480910/profile.htm"
MaOaM243,3628879,"https://www.markt.de/maoam243/userId,3628879/profile.htm"
Johnca,21549773,"https://www.markt.de/johnca/userId,21549773/profile.htm"
Niki13663466,20733918,"https://www.markt.de/niki13663466/userId,20733918/profile.htm"
jer.bog,21509408,"https://www.markt.de/jer+bog/userId,21509408/profile.htm"
Heyhe123,6963437,"https://www.markt.de/heyhe123/userId,6963437/profile.htm"
Flotterfeger0815,23797439,"https://www.markt.de/flotterfeger0815/userId,23797439/profile.htm"
Pulsar87,8534397,"https://www.markt.de/pulsar87/userId,8534397/profile.htm"
Analguy666,15376234,"https://www.markt.de/analguy666/userId,15376234/profile.htm"
DevoterBitchBoy,10772706,"https://www.markt.de/devoterbitchboy/userId,10772706/profile.htm"
RinoG,19710455,"https://www.markt.de/rinog/userId,19710455/profile.htm"
WindelSissy92,6947081,"https://www.markt.de/windelsissy92/userId,6947081/profile.htm"
Rara1909,11292516,"https://www.markt.de/rara1909/userId,11292516/profile.htm"
Pepelino,21518843,"https://www.markt.de/pepelino/userId,21518843/profile.htm"
Budha58762,11426550,"https://www.markt.de/budha58762/userId,11426550/profile.htm"
TAM.20.M,21201963,"https://www.markt.de/tam+20+m/userId,21201963/profile.htm"
DerArne1987,12557385,"https://www.markt.de/derarne1987/userId,12557385/profile.htm"
Martin47111,18144657,"https://www.markt.de/martin47111/userId,18144657/profile.htm"
krammer,1322137,"https://www.markt.de/krammer/userId,1322137/profile.htm"
CuddlyBear,2443384,"https://www.markt.de/cuddlybear/userId,2443384/profile.htm"
rattodill28,1992568,"https://www.markt.de/rattodill28/userId,1992568/profile.htm"
0815King,17905013,"https://www.markt.de/0815king/userId,17905013/profile.htm"
checkerla77,5954492,"https://www.markt.de/checkerla77/userId,5954492/profile.htm"
Mister69erz,16423117,"https://www.markt.de/mister69erz/userId,16423117/profile.htm"
Fite94,4432607,"https://www.markt.de/fite94/userId,4432607/profile.htm"
Ralle25,18659235,"https://www.markt.de/ralle25/userId,18659235/profile.htm"
Jonny1848,18216262,"https://www.markt.de/jonny1848/userId,18216262/profile.htm"
Steevenking,9882066,"https://www.markt.de/steevenking/userId,9882066/profile.htm"
HotFeliBerlin,16832527,"https://www.markt.de/hotfeliberlin/userId,16832527/profile.htm"
grallama,17718657,"https://www.markt.de/grallama/userId,17718657/profile.htm"
Moinmitnanner,14353976,"https://www.markt.de/moinmitnanner/userId,14353976/profile.htm"
Jaxxx,4491233,"https://www.markt.de/jaxxx/userId,4491233/profile.htm"
Pablitoo,13635991,"https://www.markt.de/pablitoo/userId,13635991/profile.htm"
Rene_2906,7062218,"https://www.markt.de/rene_2906/userId,7062218/profile.htm"
Ralf21,16783832,"https://www.markt.de/ralf21/userId,16783832/profile.htm"
Palas74,15138954,"https://www.markt.de/palas74/userId,15138954/profile.htm"
