name,ID,link,depth,timestamp,status
dinademona,19354400,"https://www.markt.de/dinademona/userId,19354400/profile.htm",0,2025-08-03T21:07:47.874Z,completed
Kleiner 1105,799100,"https://www.markt.de/kleiner+1105/userId",1,2025-08-03T21:42:59.751Z,completed
Sunnyboy0511,22708369,"https://www.markt.de/sunnyboy0511/userId",1,2025-08-03T21:43:18.786Z,completed
Lisa-love18,28423912,"https://www.markt.de/lisa+love18/userId",1,2025-08-03T21:43:24.518Z,completed
sv9319,32570532,"https://www.markt.de/sv9319/userId",1,2025-08-03T21:43:27.060Z,completed
Lisele95,2690416,"https://www.markt.de/lisele95/userId",1,2025-08-03T21:43:32.449Z,completed
Godafoss,21639290,"https://www.markt.de/godafoss/userId",1,2025-08-03T21:43:33.698Z,completed
JanVanConnex,6019952,"https://www.markt.de/janvanconnex/userId",1,2025-08-03T21:43:57.740Z,completed
kaibl1111,17432027,"https://www.markt.de/kaibl1111/userId",1,2025-08-03T21:44:05.902Z,completed
The Stick,7636901,"https://www.markt.de/the+stick/userId",1,2025-08-03T21:44:12.924Z,completed
Crazyriderr5,11203812,"https://www.markt.de/crazyriderr5/userId",1,2025-08-03T21:44:36.660Z,completed
Jaimiedersexy,7284754,"https://www.markt.de/jaimiedersexy/userId",1,2025-08-03T21:44:43.293Z,completed
Julia.Erotik,18432980,"https://www.markt.de/julia+erotik/userId",1,2025-08-03T21:45:19.094Z,completed
WhatsUppieee,19414785,"https://www.markt.de/whatsuppieee/userId",1,2025-08-03T21:45:49.332Z,completed
LenaMariaa,16732357,"https://www.markt.de/lenamariaa/userId,16732357/profile.htm",1,2025-08-03T21:46:34.942Z,completed
Lovely-Miaa,16734437,"https://www.markt.de/lovely+miaa/userId",1,2025-08-03T21:46:44.337Z,completed
Kasia_lust99,17870623,"https://www.markt.de/kasia_lust99/userId,17870623/profile.htm",1,2025-08-03T21:47:05.054Z,completed
Robby1290,7644965,"https://www.markt.de/robby1290/userId",1,2025-08-03T21:47:09.679Z,completed
Mateo2104,16161387,"https://www.markt.de/mateo2104/userId,16161387/profile.htm",1,2025-08-03T21:47:39.716Z,completed
Allythree6,29757347,"https://www.markt.de/allythree6/userId,29757347/profile.htm",1,2025-08-03T21:47:52.735Z,completed
milchbr체ste,2001866,"https://www.markt.de/milchbrueste/userId,2001866/profile.htm",1,2025-08-03T21:48:39.375Z,completed
LadyS123,20124863,"https://www.markt.de/ladys123/userId,20124863/profile.htm",1,2025-08-03T21:49:11.510Z,completed
SophieeRitter,26658950,"https://www.markt.de/sophieeritter/userId,26658950/profile.htm",1,2025-08-03T21:49:38.560Z,completed
lstw,2516126,"https://www.markt.de/lstw/userId,2516126/profile.htm",1,2025-08-03T21:49:51.523Z,completed
m1rando88101,2786022,"https://www.markt.de/m1rando88101/userId,2786022/profile.htm",1,2025-08-03T21:49:58.364Z,completed
Beautywithbrain,19724545,"https://www.markt.de/beautywithbrain/userId,19724545/profile.htm",1,2025-08-03T21:50:36.730Z,completed
Lucia1111,16795462,"https://www.markt.de/lucia1111/userId,16795462/profile.htm",1,2025-08-03T21:51:38.017Z,completed
TT_TT_TT,10456143,"https://www.markt.de/tt_tt_tt/userId,10456143/profile.htm",1,2025-08-03T21:51:45.474Z,completed
H-Star,35400774,"https://www.markt.de/h+star/userId,35400774/profile.htm",1,2025-08-03T21:52:21.400Z,completed
Erika1020,27101657,"https://www.markt.de/erika1020/userId,27101657/profile.htm",1,2025-08-03T21:52:49.369Z,completed
leon222999,6200237,"https://www.markt.de/leon222999/userId,6200237/profile.htm",1,2025-08-03T21:53:15.196Z,completed
Aylooo2005,39457766,"https://www.markt.de/aylooo2005/userId,39457766/profile.htm",1,2025-08-03T21:53:15.637Z,completed
Laurine-Jillpunktde,12437202,"https://www.markt.de/laurine+jillpunktde/userId,12437202/profile.htm",1,2025-08-03T21:53:24.831Z,completed
Anastasia97,38138476,"https://www.markt.de/anastasia97/userId,38138476/profile.htm",1,2025-08-03T21:54:15.113Z,completed
Fahrerteufel,37294661,"https://www.markt.de/fahrerteufel/userId,37294661/profile.htm",1,2025-08-03T21:54:29.970Z,completed
leylaelooo,21154048,"https://www.markt.de/leylaelooo/userId,21154048/profile.htm",1,2025-08-03T21:54:46.409Z,completed
Erza FairyTail,36011674,"https://www.markt.de/erza+fairytail/userId,36011674/profile.htm",1,2025-08-03T21:55:35.819Z,completed
Neuneuneu,23596069,"https://www.markt.de/neuneuneu/userId,23596069/profile.htm",1,2025-08-03T21:56:28.049Z,completed
lii_97,30801049,"https://www.markt.de/lii_97/userId,30801049/profile.htm",1,2025-08-03T21:56:35.299Z,completed
Luder_Emmy,20467583,"https://www.markt.de/luder_emmy/userId,20467583/profile.htm",1,2025-08-03T22:00:08.006Z,completed
Arisa-72,29332977,"https://www.markt.de/arisa+72/userId,29332977/profile.htm",1,2025-08-03T22:00:58.246Z,completed
Antiepileptiker,19937083,"https://www.markt.de/antiepileptiker/userId,19937083/profile.htm",1,2025-08-03T22:01:00.261Z,completed
LehrerinPam,23305704,"https://www.markt.de/lehrerinpam/userId,23305704/profile.htm",1,2025-08-03T22:01:02.586Z,completed
BadgirlMina,7685015,"https://www.markt.de/badgirlmina/userId,7685015/profile.htm",1,2025-08-03T22:02:05.305Z,completed
FeuchteSandra,21036948,"https://www.markt.de/feuchtesandra/userId,21036948/profile.htm",1,2025-08-03T22:02:17.591Z,completed
MissMaxiBlond69,30545114,"https://www.markt.de/missmaxiblond69/userId,30545114/profile.htm",1,2025-08-03T22:03:24.146Z,completed
Hujwamwdjpd,37705106,"https://www.markt.de/hujwamwdjpd/userId,37705106/profile.htm",1,2025-08-03T22:05:21.657Z,completed
Michelle0025,39313922,"https://www.markt.de/michelle0025/userId,39313922/profile.htm",1,2025-08-03T22:06:13.914Z,completed
1910,30222412,"https://www.markt.de/1910/userId,30222412/profile.htm",1,2025-08-03T22:07:11.656Z,completed
Ninu,22582419,"https://www.markt.de/ninu/userId,22582419/profile.htm",1,2025-08-03T22:08:28.240Z,completed
Dein Tanja,24775155,"https://www.markt.de/dein+tanja/userId,24775155/profile.htm",1,2025-08-03T22:29:08.597Z,completed
Harzpaar1982,37509811,"https://www.markt.de/harzpaar1982/userId,37509811/profile.htm",1,2025-08-03T22:29:08.682Z,completed
AnnaMunich2023,27751097,"https://www.markt.de/annamunich2023/userId,27751097/profile.htm",1,2025-08-03T22:29:10.205Z,completed
Blubber2018,4742503,"https://www.markt.de/blubber2018/userId,4742503/profile.htm",1,2025-08-03T22:29:10.510Z,completed
Cash-Lady-lola,36605654,"https://www.markt.de/cash+lady+lola/userId,36605654/profile.htm",1,2025-08-03T22:29:10.536Z,completed
Sugarbabe_sucht_ihn,20079488,"https://www.markt.de/sugarbabe_sucht_ihn/userId,20079488/profile.htm",1,2025-08-03T22:29:21.701Z,completed
Sunrise567,26348840,"https://www.markt.de/sunrise567/userId,26348840/profile.htm",1,2025-08-03T22:29:23.823Z,completed
badgurl000,18087357,"https://www.markt.de/badgurl000/userId,18087357/profile.htm",1,2025-08-03T22:29:26.563Z,completed
LucyLoveDe,18574235,"https://www.markt.de/lucylovede/userId,18574235/profile.htm",1,2025-08-03T22:29:26.633Z,completed
Dirtyxxgirl,20864678,"https://www.markt.de/dirtyxxgirl/userId,20864678/profile.htm",1,2025-08-03T22:29:40.046Z,completed
Tim366,35165534,"https://www.markt.de/tim366/userId,35165534/profile.htm",1,2025-08-03T22:29:40.057Z,completed
Roxy666,30293608,"https://www.markt.de/roxy666/userId,30293608/profile.htm",1,2025-08-03T22:29:45.874Z,completed
SteveFischer1972,36321049,"https://www.markt.de/stevefischer1972/userId,36321049/profile.htm",1,2025-08-03T22:29:46.422Z,completed
SarahSo,8478810,"https://www.markt.de/sarahso/userId,8478810/profile.htm",1,2025-08-03T22:29:46.480Z,completed
WF88,34027234,"https://www.markt.de/wf88/userId,34027234/profile.htm",1,2025-08-03T22:29:48.432Z,completed
HotEngel30,36929254,"https://www.markt.de/hotengel30/userId,36929254/profile.htm",1,2025-08-03T22:29:49.379Z,completed
EmilyHA32,38099926,"https://www.markt.de/emilyha32/userId,38099926/profile.htm",1,2025-08-03T22:29:51.927Z,completed
Michelle_Secret,37811291,"https://www.markt.de/michelle_secret/userId,37811291/profile.htm",1,2025-08-03T22:29:52.370Z,completed
an.nille,10077396,"https://www.markt.de/an+nille/userId,10077396/profile.htm",1,2025-08-03T22:29:54.380Z,completed
XxleilaxX,38604846,"https://www.markt.de/xxleilaxx/userId,38604846/profile.htm",1,2025-08-03T22:30:03.434Z,completed
hey-its-lia,37972061,"https://www.markt.de/hey+its+lia/userId,37972061/profile.htm",1,2025-08-03T22:30:04.145Z,completed
Isymaus2024,32975493,"https://www.markt.de/isymaus2024/userId,32975493/profile.htm",1,2025-08-03T22:30:15.974Z,completed
thotom,4982179,"https://www.markt.de/thotom/userId,4982179/profile.htm",1,2025-08-03T22:30:16.312Z,completed
Chanel.YL,20454028,"https://www.markt.de/chanel+yl/userId,20454028/profile.htm",1,2025-08-03T22:30:16.312Z,completed
Jada2020,12834204,"https://www.markt.de/jada2020/userId,12834204/profile.htm",1,2025-08-03T22:30:18.885Z,completed
T0bi9515,8420118,"https://www.markt.de/t0bi9515/userId,8420118/profile.htm",1,2025-08-03T22:30:19.291Z,completed
ViktoriaSum,7865946,"https://www.markt.de/viktoriasum/userId,7865946/profile.htm",1,2025-08-03T22:30:21.608Z,completed
fantasiedream,8609793,"https://www.markt.de/fantasiedream/userId,8609793/profile.htm",1,2025-08-03T22:30:21.885Z,completed
Asialovesex,35695559,"https://www.markt.de/asialovesex/userId,35695559/profile.htm",1,2025-08-03T22:30:24.244Z,completed
Mandy.best,37345166,"https://www.markt.de/mandy+best/userId,37345166/profile.htm",1,2025-08-03T22:30:33.099Z,completed
MikaStade,33333114,"https://www.markt.de/mikastade/userId,33333114/profile.htm",1,2025-08-03T22:30:33.539Z,completed
Holger 82 j,10119438,"https://www.markt.de/holger+82+j/userId,10119438/profile.htm",1,2025-08-03T22:30:46.481Z,completed
bumbum1983,27563032,"https://www.markt.de/bumbum1983/userId,27563032/profile.htm",1,2025-08-03T22:30:47.019Z,completed
dreamgirl9292,5392256,"https://www.markt.de/dreamgirl9292/userId,5392256/profile.htm",1,2025-08-03T22:30:47.163Z,completed
ChubbyGirlXXL,27425362,"https://www.markt.de/chubbygirlxxl/userId,27425362/profile.htm",1,2025-08-03T22:30:47.211Z,completed
Sweetkiss98,26330250,"https://www.markt.de/sweetkiss98/userId,26330250/profile.htm",1,2025-08-03T22:30:47.383Z,completed
HotCelinaXXX,22370394,"https://www.markt.de/hotcelinaxxx/userId,22370394/profile.htm",1,2025-08-03T22:30:47.735Z,completed
Annagirl77,32401877,"https://www.markt.de/annagirl77/userId,32401877/profile.htm",1,2025-08-03T22:30:48.532Z,completed
Kleine Latina,21201343,"https://www.markt.de/kleine+latina/userId,21201343/profile.htm",1,2025-08-03T22:30:48.533Z,completed
Lebendigewixxvorlage,29161157,"https://www.markt.de/lebendigewixxvorlage/userId,29161157/profile.htm",1,2025-08-03T22:30:48.721Z,completed
M체cke001,17566257,"https://www.markt.de/muecke001/userId,17566257/profile.htm",1,2025-08-03T22:32:50.824Z,completed
Steron,6043259,"https://www.markt.de/steron/userId,6043259/profile.htm",1,2025-08-03T22:32:51.201Z,completed
Xelleron,26924612,"https://www.markt.de/xelleron/userId,26924612/profile.htm",1,2025-08-03T22:32:51.941Z,completed
LunaGirl69,19573520,"https://www.markt.de/lunagirl69/userId,19573520/profile.htm",1,2025-08-03T22:33:00.680Z,completed
LinaSchulz0904,24730880,"https://www.markt.de/linaschulz0904/userId,24730880/profile.htm",1,2025-08-03T22:33:01.096Z,completed
Mula1999,11398803,"https://www.markt.de/mula1999/userId,11398803/profile.htm",1,2025-08-03T22:33:01.641Z,completed
Isabelle.deLuca,26709325,"https://www.markt.de/isabelle+deluca/userId,26709325/profile.htm",1,2025-08-03T22:33:01.654Z,completed
Vicky_Virus,31420985,"https://www.markt.de/vicky_virus/userId,31420985/profile.htm",1,2025-08-03T22:33:05.203Z,completed
Ben.12345.2000,36349949,"https://www.markt.de/ben+12345+2000/userId,36349949/profile.htm",1,2025-08-03T22:33:20.838Z,completed
Floo30,37815401,"https://www.markt.de/floo30/userId,37815401/profile.htm",1,2025-08-03T22:33:21.013Z,completed
julidergeile,23121709,"https://www.markt.de/julidergeile/userId,23121709/profile.htm",1,2025-08-03T22:33:21.136Z,completed
kleinesschulluder,2599064,"https://www.markt.de/kleinesschulluder/userId,2599064/profile.htm",1,2025-08-03T22:33:23.162Z,completed
Meisje_NL_123,38037076,"https://www.markt.de/meisje_nl_123/userId,38037076/profile.htm",1,2025-08-03T22:33:23.178Z,completed
MH300195,34436769,"https://www.markt.de/mh300195/userId,34436769/profile.htm",1,2025-08-03T22:33:28.753Z,completed
Whyamihere,21747412,"https://www.markt.de/whyamihere/userId,21747412/profile.htm",1,2025-08-03T22:33:31.453Z,completed
Hamburg0807,38094641,"https://www.markt.de/hamburg0807/userId,38094641/profile.htm",1,2025-08-03T22:33:31.535Z,completed
M3232,5821096,"https://www.markt.de/m3232/userId,5821096/profile.htm",1,2025-08-03T22:33:34.082Z,completed
Freshmen69,35288574,"https://www.markt.de/freshmen69/userId,35288574/profile.htm",1,2025-08-03T22:33:34.561Z,completed
Slinnnnnnils,39804911,"https://www.markt.de/slinnnnnnils/userId,39804911/profile.htm",1,2025-08-03T22:33:50.651Z,completed
Sunshine5511,34778934,"https://www.markt.de/sunshine5511/userId,34778934/profile.htm",1,2025-08-03T22:33:51.178Z,completed
Mertking7,39760811,"https://www.markt.de/mertking7/userId,39760811/profile.htm",1,2025-08-03T22:33:51.183Z,completed
Marcel3072,35901079,"https://www.markt.de/marcel3072/userId,35901079/profile.htm",1,2025-08-03T22:33:53.621Z,completed
Stefan63748,39506030,"https://www.markt.de/stefan63748/userId,39506030/profile.htm",1,2025-08-03T22:33:53.662Z,completed
Mauzhahn,33784874,"https://www.markt.de/mauzhahn/userId,33784874/profile.htm",1,2025-08-03T22:33:58.799Z,completed
T0blas,39702935,"https://www.markt.de/t0blas/userId,39702935/profile.htm",1,2025-08-03T22:34:01.492Z,completed
Reddy4u,38331571,"https://www.markt.de/reddy4u/userId,38331571/profile.htm",1,2025-08-03T22:34:01.547Z,completed
Santana28,5007007,"https://www.markt.de/santana28/userId,5007007/profile.htm",1,2025-08-03T22:34:04.201Z,completed
Devito23,38926819,"https://www.markt.de/devito23/userId,38926819/profile.htm",1,2025-08-03T22:34:04.515Z,completed
Paul0113,8723775,"https://www.markt.de/paul0113/userId,8723775/profile.htm",1,2025-08-03T22:34:19.082Z,completed
lexy089,38841798,"https://www.markt.de/lexy089/userId,38841798/profile.htm",1,2025-08-03T22:34:19.091Z,completed
Daviddd361,34567584,"https://www.markt.de/daviddd361/userId,34567584/profile.htm",1,2025-08-03T22:34:19.815Z,completed
Sklave1230,39728867,"https://www.markt.de/sklave1230/userId,39728867/profile.htm",1,2025-08-03T22:34:20.224Z,completed
BamBam154257,11332080,"https://www.markt.de/bambam154257/userId,11332080/profile.htm",1,2025-08-03T22:34:26.286Z,completed
Thomas1289-234,26398510,"https://www.markt.de/thomas1289+234/userId,26398510/profile.htm",1,2025-08-03T22:34:27.006Z,completed
BerlinFreddx,12906498,"https://www.markt.de/berlinfreddx/userId,12906498/profile.htm",1,2025-08-03T22:34:28.346Z,completed
Couple_HH,22052029,"https://www.markt.de/couple_hh/userId,22052029/profile.htm",1,2025-08-03T22:34:38.432Z,completed
jnkSL991,37881096,"https://www.markt.de/jnksl991/userId,37881096/profile.htm",1,2025-08-03T22:34:42.468Z,completed
MaxiMay,39687428,"https://www.markt.de/maximay/userId,39687428/profile.htm",1,2025-08-03T22:34:44.018Z,completed
GideonRavenor,39064601,"https://www.markt.de/gideonravenor/userId,39064601/profile.htm",1,2025-08-03T22:34:44.634Z,completed
ASAP-rocky,33551224,"https://www.markt.de/asap+rocky/userId,33551224/profile.htm",1,2025-08-03T22:34:48.115Z,completed
Donovan kws,20515048,"https://www.markt.de/donovan+kws/userId,20515048/profile.htm",1,2025-08-03T22:34:49.312Z,completed
PP1989,32306547,"https://www.markt.de/pp1989/userId,32306547/profile.htm",1,2025-08-03T22:34:50.174Z,completed
Lumo998,30227957,"https://www.markt.de/lumo998/userId,30227957/profile.htm",1,2025-08-03T22:34:50.703Z,completed
Chris-Bauer6868,37580491,"https://www.markt.de/chris+bauer6868/userId,37580491/profile.htm",1,2025-08-03T22:34:53.813Z,completed
Boibi,9383028,"https://www.markt.de/boibi/userId,9383028/profile.htm",1,2025-08-03T22:34:55.048Z,completed
Max rezzyy,39643016,"https://www.markt.de/max+rezzyy/userId,39643016/profile.htm",1,2025-08-03T22:35:01.267Z,completed
Sehrgeil2403,21592570,"https://www.markt.de/sehrgeil2403/userId,21592570/profile.htm",1,2025-08-03T22:35:12.308Z,completed
JonaBN32,16888032,"https://www.markt.de/jonabn32/userId,16888032/profile.htm",1,2025-08-03T22:35:13.916Z,completed
Sexyleidy,39108863,"https://www.markt.de/sexyleidy/userId,39108863/profile.htm",1,2025-08-03T22:35:14.041Z,completed
Tiiiimmmm002,12310626,"https://www.markt.de/tiiiimmmm002/userId,12310626/profile.htm",1,2025-08-03T22:35:17.907Z,completed
MucDennis,39478976,"https://www.markt.de/mucdennis/userId,39478976/profile.htm",1,2025-08-03T22:35:19.199Z,completed
Nber,35510734,"https://www.markt.de/nber/userId,35510734/profile.htm",1,2025-08-03T22:35:19.954Z,completed
Rumpel4,26191120,"https://www.markt.de/rumpel4/userId,26191120/profile.htm",1,2025-08-03T22:35:20.220Z,completed
Phil5137,29440477,"https://www.markt.de/phil5137/userId,29440477/profile.htm",1,2025-08-03T22:35:23.489Z,completed
JonnyBeton,31502922,"https://www.markt.de/jonnybeton/userId,31502922/profile.htm",1,2025-08-03T22:35:24.705Z,completed
Alpha6690,22780434,"https://www.markt.de/alpha6690/userId,22780434/profile.htm",1,2025-08-03T22:35:30.921Z,completed
FrankenJoe,18975495,"https://www.markt.de/frankenjoe/userId,18975495/profile.htm",1,2025-08-03T22:35:38.162Z,completed
Jonny420420,6694797,"https://www.markt.de/jonny420420/userId,6694797/profile.htm",1,2025-08-03T22:35:40.608Z,completed
HmmFk69,21767192,"https://www.markt.de/hmmfk69/userId,21767192/profile.htm",1,2025-08-03T22:35:44.177Z,completed
Doggyfriend87,25813490,"https://www.markt.de/doggyfriend87/userId,25813490/profile.htm",1,2025-08-03T22:35:44.747Z,completed
Profil18750065,18750065,"https://www.markt.de/profil18750065/userId,18750065/profile.htm",1,2025-08-03T22:35:48.052Z,completed
King93,12099171,"https://www.markt.de/king93/userId,12099171/profile.htm",1,2025-08-03T22:35:50.834Z,completed
Diggi007,26122135,"https://www.markt.de/diggi007/userId,26122135/profile.htm",1,2025-08-03T22:35:51.546Z,completed
MrBig20,30155157,"https://www.markt.de/mrbig20/userId,30155157/profile.htm",1,2025-08-03T22:35:51.719Z,completed
einmannausmuc,12951924,"https://www.markt.de/einmannausmuc/userId,12951924/profile.htm",1,2025-08-03T22:35:57.267Z,completed
Anonym199910,27846257,"https://www.markt.de/anonym199910/userId,27846257/profile.htm",1,2025-08-03T22:36:01.033Z,completed
Der unerfahrene l체mmel,3339042,"https://www.markt.de/der+unerfahrene+luemmel/userId,3339042/profile.htm",1,2025-08-03T22:36:09.079Z,completed
ChrisHt,15161169,"https://www.markt.de/chrisht/userId,15161169/profile.htm",1,2025-08-03T22:36:09.220Z,completed
MaguireH,21578318,"https://www.markt.de/maguireh/userId,21578318/profile.htm",1,2025-08-03T22:36:12.739Z,completed
jbee3907,14538655,"https://www.markt.de/jbee3907/userId,14538655/profile.htm",1,2025-08-03T22:36:13.674Z,completed
Articus92,23165249,"https://www.markt.de/articus92/userId,23165249/profile.htm",1,2025-08-03T22:36:16.070Z,completed
ErnestoGarcia1,14424985,"https://www.markt.de/ernestogarcia1/userId,14424985/profile.htm",1,2025-08-03T22:36:16.100Z,completed
Fl0rian,25581170,"https://www.markt.de/fl0rian/userId,25581170/profile.htm",1,2025-08-03T22:36:16.100Z,completed
Orxxx,17037477,"https://www.markt.de/orxxx/userId,17037477/profile.htm",1,2025-08-03T22:36:22.909Z,completed
Trinkglas69,5750179,"https://www.markt.de/trinkglas69/userId,5750179/profile.htm",1,2025-08-03T22:36:23.525Z,completed
Mephisto_97,10521270,"https://www.markt.de/mephisto_97/userId,10521270/profile.htm",1,2025-08-03T22:36:24.785Z,completed
Someras,9052547,"https://www.markt.de/someras/userId,9052547/profile.htm",1,2025-08-03T22:36:31.349Z,completed
Kende,15270144,"https://www.markt.de/kende/userId,15270144/profile.htm",1,2025-08-03T22:36:31.565Z,completed
DanielHandlos,25146380,"https://www.markt.de/danielhandlos/userId,25146380/profile.htm",1,2025-08-03T22:36:42.323Z,completed
85flo85,2743654,"https://www.markt.de/85flo85/userId,2743654/profile.htm",1,2025-08-03T22:36:43.543Z,completed
JohnJay96,26078280,"https://www.markt.de/johnjay96/userId,26078280/profile.htm",1,2025-08-03T22:36:46.525Z,completed
Julez1707,27214342,"https://www.markt.de/julez1707/userId,27214342/profile.htm",1,2025-08-03T22:36:46.526Z,completed
Profil3856165,3856165,"https://www.markt.de/profil3856165/userId,3856165/profile.htm",1,2025-08-03T22:36:46.527Z,completed
G0123,19239940,"https://www.markt.de/g0123/userId,19239940/profile.htm",1,2025-08-03T22:36:52.639Z,completed
henry_xxx,25262825,"https://www.markt.de/henry_xxx/userId,25262825/profile.htm",1,2025-08-03T22:36:53.263Z,completed
Sissybitchtoy,25165795,"https://www.markt.de/sissybitchtoy/userId,25165795/profile.htm",1,2025-08-03T22:36:53.326Z,completed
Nicknack186,19820004,"https://www.markt.de/nicknack186/userId,19820004/profile.htm",1,2025-08-03T22:36:54.527Z,completed
The_One_1985,22518149,"https://www.markt.de/the_one_1985/userId,22518149/profile.htm",1,2025-08-03T22:37:01.751Z,completed
Tinydickboy,21466343,"https://www.markt.de/tinydickboy/userId,21466343/profile.htm",1,2025-08-03T22:37:06.742Z,completed
Dauergeiler888,20009938,"https://www.markt.de/dauergeiler888/userId,20009938/profile.htm",1,2025-08-03T22:37:08.713Z,completed
Metallman2000,24309750,"https://www.markt.de/metallman2000/userId,24309750/profile.htm",1,2025-08-03T22:37:12.299Z,completed
Louis98,19314765,"https://www.markt.de/louis98/userId,19314765/profile.htm",1,2025-08-03T22:37:12.312Z,completed
Markus121985,6031898,"https://www.markt.de/markus121985/userId,6031898/profile.htm",1,2025-08-03T22:37:17.106Z,completed
LutraKKL,22146769,"https://www.markt.de/lutrakkl/userId,22146769/profile.htm",1,2025-08-03T22:37:17.344Z,completed
Mike842,16328782,"https://www.markt.de/mike842/userId,16328782/profile.htm",1,2025-08-03T22:37:18.210Z,completed
jer.bog,21509408,"https://www.markt.de/jer+bog/userId,21509408/profile.htm",1,2025-08-03T22:37:19.890Z,completed
marco030471,8618421,"https://www.markt.de/marco030471/userId,8618421/profile.htm",1,2025-08-03T22:37:26.532Z,completed
Sklave_Mathias93,19054580,"https://www.markt.de/sklave_mathias93/userId,19054580/profile.htm",1,2025-08-03T22:37:30.615Z,completed
marv05,8499411,"https://www.markt.de/marv05/userId,8499411/profile.htm",1,2025-08-03T22:37:33.992Z,completed
Profil5481077,5481077,"https://www.markt.de/profil5481077/userId,5481077/profile.htm",1,2025-08-03T22:37:36.954Z,completed
Johnca,21549773,"https://www.markt.de/johnca/userId,21549773/profile.htm",1,2025-08-03T22:37:36.969Z,completed
Andy0092,22862674,"https://www.markt.de/andy0092/userId,22862674/profile.htm",1,2025-08-03T22:37:37.241Z,completed
JohannesBerlin86,20733098,"https://www.markt.de/johannesberlin86/userId,20733098/profile.htm",1,2025-08-03T22:37:43.180Z,completed
Chillion채r,11480910,"https://www.markt.de/chillionaer/userId,11480910/profile.htm",1,2025-08-03T22:37:43.181Z,completed
MaOaM243,3628879,"https://www.markt.de/maoam243/userId,3628879/profile.htm",1,2025-08-03T22:37:43.447Z,completed
Budha58762,11426550,"https://www.markt.de/budha58762/userId,11426550/profile.htm",1,2025-08-03T22:37:43.447Z,completed
Outlaw93,18325405,"https://www.markt.de/outlaw93/userId,18325405/profile.htm",1,2025-08-03T22:37:50.995Z,completed
Gotamim,22184174,"https://www.markt.de/gotamim/userId,22184174/profile.htm",1,2025-08-03T22:37:53.058Z,completed
Pulsar87,8534397,"https://www.markt.de/pulsar87/userId,8534397/profile.htm",1,2025-08-03T22:37:57.249Z,completed
Niki13663466,20733918,"https://www.markt.de/niki13663466/userId,20733918/profile.htm",1,2025-08-03T22:37:59.900Z,completed
Rara1909,11292516,"https://www.markt.de/rara1909/userId,11292516/profile.htm",1,2025-08-03T22:37:59.901Z,completed
B-Dick oIo,22062839,"https://www.markt.de/b+dick+oio/userId,22062839/profile.htm",1,2025-08-03T22:37:59.901Z,completed
Paul955,2347514,"https://www.markt.de/paul955/userId,2347514/profile.htm",1,2025-08-03T22:38:12.851Z,completed
RinoG,19710455,"https://www.markt.de/rinog/userId,19710455/profile.htm",1,2025-08-03T22:38:12.855Z,completed
Fite94,4432607,"https://www.markt.de/fite94/userId,4432607/profile.htm",1,2025-08-03T22:38:12.977Z,completed
WindelSissy92,6947081,"https://www.markt.de/windelsissy92/userId,6947081/profile.htm",1,2025-08-03T22:38:14.289Z,completed
Analguy666,15376234,"https://www.markt.de/analguy666/userId,15376234/profile.htm",1,2025-08-03T22:38:20.892Z,completed
Heyhe123,6963437,"https://www.markt.de/heyhe123/userId,6963437/profile.htm",1,2025-08-03T22:38:22.992Z,completed
Martin47111,18144657,"https://www.markt.de/martin47111/userId,18144657/profile.htm",1,2025-08-03T22:38:26.791Z,completed
Pepelino,21518843,"https://www.markt.de/pepelino/userId,21518843/profile.htm",1,2025-08-03T22:38:29.903Z,completed
